EmployeeID,Full Name,Gender,Age,State,Department,JobRole,ExperienceYears,Education,AnnualSalary(LPA),Monthly Salary,SatisfactionRating,DateOfJoining,LastPromotionYear,WorkLocationType,MaritalStatus,PerformanceRating,OverTime
EMP1001,Vivaan Gupta,Female,39,Uttar Pradesh,HR,QA Engineer,6,B.Sc,717000,59750,3,2014-01-12,2020,Onsite,Married,1,Yes
EMP1002,Aditya Iyer,Female,20,Tamil Nadu,Product,DevOps Engineer,0,B.Tech,575000,47917,4,2016-02-04,2023,Remote,Married,2,No
EMP1003,Vihaan Verma,Male,36,Kerala,Operations,QA Engineer,14,M.Tech,1490000,124167,1,2015-06-10,2018,Remote,Single,2,No
EMP1004,Ayaan Iyer,Female,49,Karnataka,Product,QA Engineer,13,M.Tech,1566000,130500,4,2018-12-28,2023,Onsite,Single,5,Yes
EMP1005,Ishaan Mehta,Female,41,West Bengal,IT,DevOps Engineer,11,B.Sc,1277000,106417,5,2016-09-08,2016,Onsite,Married,5,No
EMP1006,Aarav Iyer,Female,48,West Bengal,Support,DevOps Engineer,0,MBA,419000,34917,3,2018-10-10,2017,Hybrid,Married,1,No
EMP1007,Kiara Kumar,Female,50,Karnataka,HR,System Administrator,22,MCA,1875000,156250,3,2018-05-06,2018,Remote,Married,3,No
EMP1008,Tara Joshi,Male,25,Tamil Nadu,Support,Software Engineer,1,MBA,1107000,92250,3,2018-05-01,2017,Remote,Married,3,No
EMP1009,Arjun Sharma,Female,37,Kerala,IT,Product Manager,0,MBA,597000,49750,1,2010-02-02,2020,Hybrid,Single,1,No
EMP1010,Anaya Gupta,Female,31,Maharashtra,Support,HR Executive,9,MCA,1045000,87083,4,2013-02-06,2020,Hybrid,Single,1,Yes
EMP1011,Tara Mehta,Female,37,Delhi,IT,DevOps Engineer,2,B.Tech,1041000,86750,3,2017-07-18,2022,Onsite,Single,4,No
EMP1012,Saanvi Joshi,Male,31,Delhi,Operations,DevOps Engineer,9,B.Tech,1225000,102083,2,2011-01-16,2019,Onsite,Married,3,Yes
EMP1013,Aditya Joshi,Male,37,Tamil Nadu,IT,Software Engineer,15,MCA,1474000,122833,4,2011-02-02,2020,Hybrid,Married,5,Yes
EMP1014,Aadhya Sharma,Female,22,Tamil Nadu,Support,Project Manager,0,BCA,843000,70250,3,2015-06-13,2017,Remote,Married,3,No
EMP1015,Aadhya Iyer,Male,35,Uttar Pradesh,Finance,DevOps Engineer,0,B.Sc,725000,60417,1,2018-05-24,2015,Remote,Single,3,No
EMP1016,Ishaan Kumar,Male,24,West Bengal,Finance,Software Engineer,2,BCA,529000,44083,2,2017-02-15,2020,Hybrid,Married,3,Yes
EMP1017,Myra Kapoor,Male,45,Gujarat,IT,Product Manager,8,B.Sc,808000,67333,2,2022-04-01,2022,Remote,Married,4,No
EMP1018,Aadhya Reddy,Male,32,West Bengal,Support,HR Executive,6,BCA,1176000,98000,2,2020-12-05,2015,Onsite,Married,4,No
EMP1019,Meera Kapoor,Male,44,Tamil Nadu,IT,QA Engineer,19,MBA,1883000,156917,5,2021-10-23,2019,Remote,Single,1,No
EMP1020,Ayaan Iyer,Male,51,Maharashtra,Product,Data Analyst,14,MCA,1152000,96000,1,2015-07-03,2017,Onsite,Married,1,No
EMP1021,Ishaan Kumar,Male,19,Telangana,Operations,System Administrator,0,M.Tech,740000,61667,5,2013-10-26,2017,Remote,Married,1,No
EMP1022,Tara Gupta,Female,34,Karnataka,Finance,Data Analyst,6,B.Sc,1020000,85000,3,2010-01-19,2019,Hybrid,Single,1,No
EMP1023,Ishaan Kapoor,Male,23,Karnataka,Finance,Software Engineer,1,B.Tech,706000,58833,5,2016-04-26,2019,Remote,Single,3,No
EMP1024,Aadhya Patel,Female,42,Delhi,HR,Project Manager,3,B.Tech,625000,52083,3,2016-08-23,2019,Onsite,Single,5,No
EMP1025,Aadhya Reddy,Male,25,Punjab,Finance,HR Executive,0,B.Sc,861000,71750,3,2018-07-28,2018,Hybrid,Married,5,Yes
EMP1026,Reyansh Iyer,Female,31,West Bengal,HR,System Administrator,4,BCA,804000,67000,1,2019-05-03,2021,Onsite,Single,3,Yes
EMP1027,Vivaan Iyer,Male,40,Telangana,Support,QA Engineer,11,MBA,1161000,96750,2,2017-01-22,2018,Onsite,Single,1,No
EMP1028,Kiara Mehta,Male,37,Tamil Nadu,Product,HR Executive,2,MCA,712000,59333,2,2011-12-26,2018,Onsite,Single,1,No
EMP1029,Sai Kapoor,Female,22,Telangana,Support,UI/UX Designer,0,MCA,490000,40833,5,2020-12-05,2018,Hybrid,Single,4,Yes
EMP1030,Saanvi Mehta,Male,22,Punjab,Finance,Software Engineer,0,B.Sc,250000,20833,3,2019-08-06,2022,Onsite,Married,2,Yes
EMP1031,Krishna Sharma,Male,25,Telangana,Operations,System Administrator,1,MCA,490000,40833,1,2021-03-06,2016,Hybrid,Married,5,No
EMP1032,Aarav Verma,Male,53,Maharashtra,Finance,Project Manager,17,MCA,1182000,98500,1,2019-09-22,2015,Onsite,Single,2,Yes
EMP1033,Arjun Iyer,Male,18,Telangana,HR,Project Manager,0,M.Tech,644000,53667,3,2012-01-21,2023,Remote,Single,3,Yes
EMP1034,Vivaan Kumar,Male,47,Uttar Pradesh,Finance,Data Analyst,7,MBA,853000,71083,2,2011-12-01,2020,Onsite,Married,3,No
EMP1035,Vivaan Kumar,Male,18,Karnataka,HR,Data Analyst,0,M.Tech,729000,60750,4,2020-03-02,2018,Onsite,Married,1,No
EMP1036,Ishaan Gupta,Male,34,Maharashtra,HR,Software Engineer,2,B.Tech,974000,81167,4,2021-04-24,2019,Remote,Married,5,No
EMP1037,Aditya Patel,Male,32,Karnataka,Product,QA Engineer,10,M.Tech,1173000,97750,1,2012-03-21,2019,Remote,Married,2,Yes
EMP1038,Aadhya Kapoor,Male,20,Punjab,HR,UI/UX Designer,0,B.Tech,412000,34333,2,2018-06-15,2022,Remote,Single,5,Yes
EMP1039,Ira Gupta,Female,19,Karnataka,Product,QA Engineer,0,M.Tech,636000,53000,2,2020-08-19,2021,Hybrid,Single,3,No
EMP1040,Arjun Kapoor,Male,28,Gujarat,IT,DevOps Engineer,2,B.Tech,707000,58917,1,2016-06-26,2023,Onsite,Single,4,No
EMP1041,Diya Patel,Male,35,West Bengal,IT,Data Analyst,1,MCA,665000,55417,1,2015-04-26,2016,Hybrid,Married,3,No
EMP1042,Anaya Gupta,Female,22,Gujarat,IT,HR Executive,0,MBA,428000,35667,4,2012-08-05,2018,Hybrid,Married,2,No
EMP1043,Vivaan Gupta,Female,18,West Bengal,Finance,HR Executive,0,MCA,598000,49833,1,2021-05-06,2020,Hybrid,Married,1,No
EMP1044,Vihaan Patel,Female,37,Maharashtra,Support,HR Executive,13,M.Tech,1340000,111667,3,2017-10-05,2021,Remote,Married,2,No
EMP1045,Arjun Verma,Female,23,Telangana,Finance,DevOps Engineer,0,B.Tech,1078000,89833,1,2011-12-03,2017,Onsite,Married,4,No
EMP1046,Kiara Kapoor,Male,42,Delhi,IT,DevOps Engineer,13,MCA,1129000,94083,5,2019-09-18,2022,Hybrid,Married,3,No
EMP1047,Ayaan Gupta,Female,27,Tamil Nadu,Finance,Product Manager,0,BCA,665000,55417,5,2015-03-07,2017,Remote,Married,4,No
EMP1048,Aarav Iyer,Female,31,Gujarat,IT,System Administrator,6,BCA,856000,71333,1,2013-06-02,2019,Hybrid,Married,1,Yes
EMP1049,Diya Verma,Female,25,Tamil Nadu,Finance,QA Engineer,0,B.Sc,546000,45500,4,2013-10-11,2019,Hybrid,Married,2,No
EMP1050,Aarav Gupta,Male,27,Delhi,Operations,QA Engineer,1,MCA,454000,37833,1,2017-05-08,2015,Hybrid,Married,1,No
EMP1051,Aarav Kumar,Female,53,Gujarat,Finance,System Administrator,21,MCA,1525000,127083,1,2018-05-09,2018,Onsite,Single,2,No
EMP1052,Vivaan Sharma,Male,31,Tamil Nadu,Support,Data Analyst,5,B.Tech,751000,62583,3,2016-04-06,2019,Onsite,Single,5,No
EMP1053,Ayaan Sharma,Female,18,Gujarat,IT,System Administrator,0,MCA,397000,33083,4,2016-03-27,2022,Hybrid,Married,5,No
EMP1054,Avni Verma,Male,44,Karnataka,Support,Data Analyst,18,B.Sc,1603000,133583,3,2010-02-06,2017,Hybrid,Married,1,No
EMP1055,Meera Mehta,Male,40,Kerala,IT,Software Engineer,9,B.Tech,1217000,101417,4,2016-03-24,2021,Hybrid,Single,5,No
EMP1056,Aditya Gupta,Male,32,Kerala,Support,Software Engineer,2,MBA,435000,36250,2,2013-04-05,2020,Onsite,Married,2,Yes
EMP1057,Tara Kapoor,Male,22,Karnataka,Finance,Data Analyst,0,B.Sc,266000,22167,5,2013-05-05,2020,Remote,Single,2,No
EMP1058,Ira Mehta,Male,57,Maharashtra,HR,Software Engineer,23,MBA,2103000,175250,3,2010-09-08,2016,Onsite,Single,1,Yes
EMP1059,Ishaan Reddy,Female,58,Punjab,Support,HR Executive,28,M.Tech,1892000,157667,5,2010-05-25,2020,Remote,Married,5,Yes
EMP1060,Reyansh Kapoor,Male,49,Maharashtra,HR,QA Engineer,5,MCA,694000,57833,5,2021-10-14,2016,Remote,Single,1,Yes
EMP1061,Vivaan Mehta,Female,23,Kerala,Support,System Administrator,0,BCA,555000,46250,3,2014-08-01,2018,Hybrid,Married,3,No
EMP1062,Krishna Joshi,Male,29,Kerala,IT,Data Analyst,4,B.Tech,1042000,86833,2,2018-11-08,2023,Hybrid,Single,3,Yes
EMP1063,Aadhya Gupta,Male,56,Tamil Nadu,Product,Software Engineer,33,B.Tech,2188000,182333,2,2016-05-22,2020,Onsite,Married,1,No
EMP1064,Reyansh Iyer,Female,19,Gujarat,IT,Product Manager,0,MBA,468000,39000,2,2017-02-27,2021,Onsite,Married,4,No
EMP1065,Ayaan Kapoor,Male,44,Gujarat,Operations,Data Analyst,16,B.Tech,1145000,95417,3,2013-06-25,2016,Onsite,Married,5,No
EMP1066,Myra Verma,Male,18,Tamil Nadu,Finance,Data Analyst,0,BCA,883000,73583,5,2013-01-21,2023,Hybrid,Single,2,Yes
EMP1067,Meera Iyer,Male,30,Punjab,IT,QA Engineer,0,MCA,516000,43000,4,2018-01-25,2022,Hybrid,Married,5,No
EMP1068,Vivaan Joshi,Male,27,Gujarat,Operations,QA Engineer,5,B.Sc,794000,66167,5,2020-08-20,2020,Onsite,Single,5,Yes
EMP1069,Krishna Patel,Male,25,Delhi,HR,HR Executive,0,B.Tech,711000,59250,1,2022-11-10,2017,Remote,Married,1,Yes
EMP1070,Krishna Reddy,Female,22,Telangana,HR,QA Engineer,0,MBA,475000,39583,1,2018-08-03,2023,Hybrid,Single,2,No
EMP1071,Saanvi Kapoor,Female,35,Karnataka,Support,HR Executive,4,MCA,619000,51583,5,2021-12-05,2015,Remote,Married,5,No
EMP1072,Myra Sharma,Female,43,Uttar Pradesh,Finance,Data Analyst,7,B.Sc,1145000,95417,5,2010-11-27,2023,Onsite,Single,5,No
EMP1073,Ishaan Iyer,Female,34,Gujarat,HR,UI/UX Designer,5,B.Sc,889000,74083,2,2011-12-07,2016,Onsite,Married,3,No
EMP1074,Reyansh Kapoor,Female,23,Punjab,HR,QA Engineer,1,B.Sc,618000,51500,3,2021-05-22,2018,Remote,Married,3,Yes
EMP1075,Diya Reddy,Female,37,Tamil Nadu,Operations,Data Analyst,5,MCA,1089000,90750,5,2021-07-11,2015,Remote,Single,3,Yes
EMP1076,Aditya Joshi,Male,21,Gujarat,Product,Data Analyst,0,MCA,295000,24583,1,2020-04-02,2018,Remote,Single,3,No
EMP1077,Arjun Patel,Female,18,Maharashtra,HR,Project Manager,0,B.Sc,686000,57167,3,2015-02-03,2015,Onsite,Married,4,No
EMP1078,Ira Verma,Male,31,Delhi,Finance,Software Engineer,8,MCA,1049000,87417,3,2021-05-24,2017,Remote,Single,1,Yes
EMP1079,Vivaan Gupta,Female,33,Kerala,Finance,UI/UX Designer,3,MCA,478000,39833,5,2010-08-21,2016,Remote,Married,2,No
EMP1080,Ayaan Kumar,Female,24,Tamil Nadu,IT,UI/UX Designer,0,B.Tech,537000,44750,1,2021-09-14,2020,Remote,Married,4,No
EMP1081,Reyansh Verma,Female,53,Uttar Pradesh,HR,Software Engineer,0,BCA,425000,35417,2,2019-02-15,2016,Remote,Single,4,Yes
EMP1082,Meera Gupta,Female,37,Kerala,HR,UI/UX Designer,5,B.Sc,858000,71500,1,2013-11-07,2018,Remote,Married,2,No
EMP1083,Myra Patel,Male,21,West Bengal,Finance,Product Manager,0,BCA,937000,78083,1,2013-08-23,2019,Hybrid,Married,3,Yes
EMP1084,Ishaan Patel,Male,35,Tamil Nadu,Product,QA Engineer,4,MCA,708000,59000,3,2015-01-07,2015,Remote,Single,2,No
EMP1085,Vihaan Kapoor,Male,25,Telangana,HR,Data Analyst,3,B.Sc,756000,63000,1,2011-02-04,2020,Hybrid,Married,3,No
EMP1086,Aditya Kapoor,Female,22,Kerala,Operations,Data Analyst,0,BCA,916000,76333,1,2016-10-12,2016,Hybrid,Single,5,Yes
EMP1087,Reyansh Kumar,Male,20,Maharashtra,Finance,Product Manager,0,B.Tech,922000,76833,2,2018-12-02,2017,Onsite,Single,1,No
EMP1088,Ishaan Joshi,Male,56,Maharashtra,Product,DevOps Engineer,30,B.Sc,1771000,147583,2,2017-11-12,2015,Onsite,Married,4,No
EMP1089,Tara Verma,Female,25,Karnataka,IT,QA Engineer,3,MCA,993000,82750,4,2013-10-01,2021,Hybrid,Married,5,No
EMP1090,Anaya Verma,Male,30,Punjab,HR,Project Manager,3,MCA,732000,61000,3,2018-07-24,2016,Hybrid,Married,4,Yes
EMP1091,Ayaan Kumar,Male,20,Telangana,Support,QA Engineer,0,M.Tech,613000,51083,1,2010-07-23,2016,Remote,Single,2,No
EMP1092,Aarav Sharma,Female,18,Tamil Nadu,Support,QA Engineer,0,MCA,624000,52000,4,2014-09-26,2016,Remote,Married,1,No
EMP1093,Sai Patel,Female,40,Uttar Pradesh,HR,Data Analyst,12,M.Tech,1079000,89917,4,2022-09-23,2017,Onsite,Single,1,Yes
EMP1094,Kiara Joshi,Female,18,Maharashtra,IT,Software Engineer,0,B.Tech,535000,44583,5,2012-12-06,2017,Remote,Married,2,No
EMP1095,Diya Iyer,Female,31,Karnataka,Product,Project Manager,7,B.Sc,450000,37500,1,2013-11-16,2021,Remote,Married,2,No
EMP1096,Avni Joshi,Female,43,Delhi,Finance,Product Manager,10,MBA,1558000,129833,5,2013-05-13,2020,Hybrid,Married,5,No
EMP1097,Aadhya Reddy,Female,35,West Bengal,IT,System Administrator,12,BCA,1236000,103000,2,2020-07-12,2021,Onsite,Single,1,No
EMP1098,Diya Gupta,Male,56,West Bengal,Finance,HR Executive,3,MCA,1028000,85667,1,2016-06-22,2019,Remote,Married,1,No
EMP1099,Arjun Reddy,Female,21,Karnataka,Finance,QA Engineer,0,B.Sc,748000,62333,2,2021-07-10,2023,Remote,Single,4,Yes
EMP1100,Aarav Mehta,Male,21,Telangana,IT,Software Engineer,0,BCA,549000,45750,2,2014-03-28,2021,Hybrid,Married,1,No
EMP1101,Reyansh Joshi,Female,29,Maharashtra,Finance,Data Analyst,1,B.Sc,783000,65250,5,2012-04-26,2020,Remote,Married,5,Yes
EMP1102,Sai Joshi,Male,48,Gujarat,Operations,UI/UX Designer,2,MCA,390000,32500,3,2010-12-02,2019,Hybrid,Married,5,Yes
EMP1103,Vivaan Kumar,Female,36,Maharashtra,Finance,HR Executive,11,M.Tech,915000,76250,4,2016-04-08,2020,Remote,Married,5,Yes
EMP1104,Aadhya Gupta,Female,22,Delhi,Finance,UI/UX Designer,0,BCA,353000,29417,4,2022-07-28,2017,Remote,Single,4,No
EMP1105,Saanvi Kumar,Female,44,Delhi,HR,QA Engineer,20,MCA,1553000,129417,1,2013-01-23,2016,Onsite,Married,1,Yes
EMP1106,Vihaan Verma,Female,31,Gujarat,Support,System Administrator,2,MBA,621000,51750,2,2015-11-15,2020,Onsite,Married,2,No
EMP1107,Ira Joshi,Male,31,Telangana,Finance,HR Executive,2,M.Tech,775000,64583,4,2020-02-03,2016,Remote,Married,2,No
EMP1108,Ira Kumar,Female,20,Delhi,Finance,HR Executive,0,MBA,1000000,83333,1,2018-06-25,2019,Remote,Married,5,Yes
EMP1109,Sai Verma,Male,56,Gujarat,Finance,System Administrator,11,MBA,1136000,94667,4,2014-03-02,2023,Remote,Married,3,No
EMP1110,Krishna Patel,Female,24,Gujarat,Operations,DevOps Engineer,2,B.Tech,797000,66417,5,2013-04-07,2022,Onsite,Single,4,No
EMP1111,Ira Mehta,Female,30,Telangana,Product,DevOps Engineer,6,BCA,1075000,89583,4,2014-07-02,2019,Remote,Married,5,No
EMP1112,Meera Iyer,Male,31,Delhi,IT,Project Manager,0,MBA,735000,61250,5,2010-12-11,2019,Hybrid,Single,2,Yes
EMP1113,Ishaan Sharma,Female,23,Punjab,IT,System Administrator,1,B.Tech,250000,20833,2,2018-01-02,2015,Remote,Married,2,Yes
EMP1114,Avni Sharma,Female,43,Gujarat,Product,QA Engineer,1,MBA,561000,46750,1,2014-12-01,2021,Onsite,Married,5,Yes
EMP1115,Kiara Kapoor,Female,35,Telangana,Product,System Administrator,2,BCA,431000,35917,3,2015-08-10,2020,Hybrid,Married,4,No
EMP1116,Aditya Sharma,Female,22,Delhi,Support,UI/UX Designer,0,B.Sc,406000,33833,2,2018-09-25,2021,Remote,Single,2,No
EMP1117,Ayaan Verma,Male,29,Gujarat,IT,Data Analyst,1,B.Tech,941000,78417,1,2017-11-14,2023,Remote,Married,4,Yes
EMP1118,Reyansh Sharma,Male,22,Punjab,HR,Software Engineer,0,MCA,960000,80000,3,2022-05-08,2022,Remote,Single,4,Yes
EMP1119,Diya Kumar,Male,40,Telangana,Product,System Administrator,12,B.Tech,1181000,98417,3,2017-03-22,2017,Hybrid,Single,4,No
EMP1120,Aditya Sharma,Female,21,Delhi,Finance,QA Engineer,0,M.Tech,583000,48583,5,2011-11-25,2019,Remote,Single,3,Yes
EMP1121,Vivaan Iyer,Male,41,Punjab,Operations,HR Executive,19,MBA,1789000,149083,1,2012-07-06,2022,Hybrid,Single,2,No
EMP1122,Ishaan Kumar,Male,38,Delhi,Operations,Project Manager,2,B.Tech,717000,59750,5,2022-04-17,2021,Hybrid,Married,5,No
EMP1123,Kiara Patel,Male,32,Maharashtra,Support,QA Engineer,6,MBA,851000,70917,2,2015-08-13,2020,Onsite,Single,4,No
EMP1124,Meera Reddy,Male,21,Maharashtra,Finance,Product Manager,0,B.Sc,622000,51833,1,2020-11-25,2020,Onsite,Single,1,No
EMP1125,Ishaan Verma,Female,21,Tamil Nadu,Product,Project Manager,0,MBA,770000,64167,5,2010-06-13,2020,Onsite,Single,5,No
EMP1126,Tara Sharma,Male,45,Telangana,HR,Project Manager,18,MCA,1675000,139583,5,2013-06-26,2018,Remote,Single,2,No
EMP1127,Diya Kapoor,Female,18,Uttar Pradesh,Operations,System Administrator,0,MBA,545000,45417,4,2016-12-14,2022,Remote,Married,2,No
EMP1128,Meera Kapoor,Male,21,Punjab,Product,System Administrator,0,B.Sc,400000,33333,4,2011-01-27,2021,Remote,Single,2,No
EMP1129,Arjun Kapoor,Female,20,Telangana,HR,QA Engineer,0,MCA,548000,45667,1,2012-07-26,2019,Onsite,Single,3,No
EMP1130,Ishaan Joshi,Female,25,Gujarat,Support,Software Engineer,0,B.Tech,785000,65417,4,2010-08-02,2023,Hybrid,Married,1,No
EMP1131,Ishaan Verma,Male,28,Tamil Nadu,Product,HR Executive,0,BCA,381000,31750,2,2021-08-15,2022,Remote,Married,3,No
EMP1132,Ira Reddy,Male,41,Uttar Pradesh,Product,Project Manager,6,BCA,856000,71333,4,2013-12-14,2023,Remote,Married,2,No
EMP1133,Meera Patel,Female,19,Telangana,Finance,System Administrator,0,MBA,343000,28583,4,2017-12-10,2022,Onsite,Married,5,No
EMP1134,Reyansh Patel,Female,26,Tamil Nadu,Finance,System Administrator,1,M.Tech,466000,38833,2,2020-08-06,2015,Onsite,Single,5,No
EMP1135,Myra Mehta,Female,24,Telangana,Product,UI/UX Designer,1,BCA,503000,41917,1,2022-02-04,2020,Remote,Single,3,Yes
EMP1136,Arjun Patel,Male,32,Punjab,Operations,System Administrator,0,BCA,641000,53417,2,2011-06-19,2023,Hybrid,Married,4,No
EMP1137,Aarav Iyer,Male,29,Tamil Nadu,Operations,Project Manager,2,M.Tech,714000,59500,2,2018-03-15,2016,Remote,Single,1,No
EMP1138,Saanvi Verma,Female,39,Karnataka,Finance,DevOps Engineer,11,B.Sc,1358000,113167,5,2016-06-09,2018,Onsite,Married,3,No
EMP1139,Aditya Verma,Female,24,Tamil Nadu,IT,System Administrator,2,BCA,992000,82667,1,2020-11-23,2016,Remote,Married,4,No
EMP1140,Sai Mehta,Male,26,Uttar Pradesh,IT,System Administrator,2,MBA,597000,49750,2,2012-03-10,2017,Onsite,Married,4,No
EMP1141,Vihaan Gupta,Female,32,Maharashtra,Support,System Administrator,6,B.Tech,1340000,111667,5,2010-08-20,2023,Remote,Single,5,Yes
EMP1142,Krishna Kumar,Male,39,Punjab,Product,System Administrator,3,BCA,856000,71333,2,2010-12-03,2016,Onsite,Single,5,Yes
EMP1143,Vivaan Gupta,Female,33,Maharashtra,Product,UI/UX Designer,0,B.Sc,636000,53000,1,2015-12-14,2023,Hybrid,Married,4,No
EMP1144,Reyansh Reddy,Female,34,Uttar Pradesh,Operations,UI/UX Designer,3,MCA,1092000,91000,4,2012-06-12,2016,Remote,Single,1,No
EMP1145,Ishaan Sharma,Female,19,Punjab,Product,HR Executive,0,MCA,452000,37667,3,2010-03-08,2017,Onsite,Married,1,No
EMP1146,Aarav Kapoor,Male,18,Gujarat,Product,QA Engineer,0,MCA,336000,28000,4,2010-10-11,2020,Remote,Single,1,No
EMP1147,Ira Patel,Male,43,Maharashtra,Operations,UI/UX Designer,20,MBA,1621000,135083,3,2021-08-08,2019,Onsite,Married,5,No
EMP1148,Avni Mehta,Female,55,Maharashtra,Operations,QA Engineer,4,M.Tech,368000,30667,5,2011-02-04,2015,Hybrid,Married,2,Yes
EMP1149,Anaya Kapoor,Female,31,Karnataka,Finance,UI/UX Designer,0,BCA,702000,58500,3,2018-09-07,2017,Remote,Single,5,No
EMP1150,Aditya Sharma,Male,31,Gujarat,Product,Data Analyst,7,M.Tech,916000,76333,4,2014-05-17,2023,Hybrid,Married,1,Yes
EMP1151,Diya Verma,Male,45,Tamil Nadu,Finance,Project Manager,3,B.Sc,511000,42583,4,2021-09-23,2022,Hybrid,Married,2,No
EMP1152,Arjun Gupta,Male,26,Maharashtra,IT,QA Engineer,1,B.Sc,834000,69500,4,2012-10-28,2016,Hybrid,Single,3,No
EMP1153,Vihaan Sharma,Male,36,Karnataka,Product,QA Engineer,4,BCA,1044000,87000,1,2017-08-27,2017,Hybrid,Single,4,Yes
EMP1154,Avni Iyer,Male,52,West Bengal,Product,DevOps Engineer,26,M.Tech,1922000,160167,3,2022-05-10,2019,Hybrid,Single,4,No
EMP1155,Arjun Iyer,Female,19,Punjab,IT,Software Engineer,0,MCA,385000,32083,4,2011-06-21,2021,Hybrid,Single,2,No
EMP1156,Diya Mehta,Female,21,Delhi,Finance,Project Manager,0,B.Tech,666000,55500,4,2021-08-03,2016,Hybrid,Married,3,No
EMP1157,Arjun Sharma,Female,24,Telangana,Operations,Project Manager,1,BCA,1042000,86833,4,2012-11-21,2016,Hybrid,Married,5,No
EMP1158,Krishna Kapoor,Male,39,Uttar Pradesh,IT,Project Manager,6,MBA,1125000,93750,4,2012-10-16,2018,Remote,Single,2,No
EMP1159,Kiara Iyer,Female,32,Karnataka,Operations,UI/UX Designer,6,MBA,948000,79000,1,2013-07-13,2017,Hybrid,Single,4,Yes
EMP1160,Myra Mehta,Female,24,Karnataka,Support,HR Executive,2,MCA,250000,20833,5,2015-11-03,2020,Remote,Married,5,No
EMP1161,Aadhya Gupta,Female,23,Gujarat,Support,DevOps Engineer,1,MBA,939000,78250,2,2010-04-25,2019,Onsite,Single,5,Yes
EMP1162,Ayaan Mehta,Female,43,Punjab,HR,Software Engineer,8,BCA,1028000,85667,2,2013-06-11,2017,Hybrid,Married,4,No
EMP1163,Vivaan Verma,Female,18,West Bengal,Product,Data Analyst,0,B.Sc,457000,38083,4,2011-07-03,2022,Hybrid,Married,3,Yes
EMP1164,Kiara Iyer,Female,44,Tamil Nadu,IT,UI/UX Designer,16,B.Tech,1467000,122250,5,2015-01-23,2021,Remote,Married,2,No
EMP1165,Myra Mehta,Female,34,Kerala,HR,System Administrator,1,B.Sc,811000,67583,4,2016-02-18,2022,Remote,Single,3,Yes
EMP1166,Meera Kumar,Male,20,Uttar Pradesh,IT,Software Engineer,0,M.Tech,405000,33750,2,2017-09-06,2019,Onsite,Married,5,No
EMP1167,Myra Patel,Female,20,Maharashtra,Support,System Administrator,0,B.Sc,814000,67833,3,2012-05-17,2021,Remote,Single,1,No
EMP1168,Myra Iyer,Female,36,Maharashtra,Operations,Product Manager,14,MBA,1338000,111500,3,2010-04-15,2023,Remote,Single,5,No
EMP1169,Ira Patel,Female,59,Punjab,Operations,UI/UX Designer,16,B.Tech,1482000,123500,2,2022-02-05,2018,Hybrid,Married,1,No
EMP1170,Myra Verma,Male,47,Punjab,Operations,System Administrator,0,M.Tech,575000,47917,5,2012-12-06,2019,Remote,Married,1,No
EMP1171,Ishaan Iyer,Male,25,Uttar Pradesh,HR,Project Manager,0,BCA,703000,58583,5,2010-04-14,2017,Onsite,Single,1,No
EMP1172,Saanvi Sharma,Male,38,Kerala,Operations,HR Executive,3,M.Tech,868000,72333,4,2021-11-22,2019,Remote,Single,1,Yes
EMP1173,Saanvi Iyer,Male,18,Delhi,Product,Product Manager,0,B.Sc,796000,66333,4,2012-09-11,2022,Onsite,Single,1,Yes
EMP1174,Vivaan Verma,Male,21,Gujarat,Operations,QA Engineer,0,M.Tech,452000,37667,1,2013-10-08,2023,Hybrid,Single,4,No
EMP1175,Ishaan Patel,Female,19,Telangana,Operations,Product Manager,0,B.Sc,348000,29000,2,2020-11-01,2015,Hybrid,Married,4,No
EMP1176,Tara Joshi,Male,36,Kerala,Support,Software Engineer,9,B.Tech,927000,77250,4,2011-06-27,2016,Hybrid,Married,5,No
EMP1177,Ayaan Sharma,Female,34,Maharashtra,Finance,DevOps Engineer,5,MCA,906000,75500,5,2011-11-28,2020,Onsite,Married,4,No
EMP1178,Sai Kumar,Female,38,Karnataka,HR,Project Manager,11,BCA,1464000,122000,3,2013-12-19,2016,Onsite,Single,3,No
EMP1179,Anaya Mehta,Female,40,Maharashtra,Finance,System Administrator,12,B.Sc,1282000,106833,1,2017-02-22,2020,Onsite,Single,2,No
EMP1180,Ayaan Kumar,Male,31,Telangana,Finance,QA Engineer,4,B.Tech,906000,75500,2,2022-03-12,2018,Onsite,Married,3,No
EMP1181,Aadhya Mehta,Female,30,West Bengal,Support,Project Manager,6,B.Tech,631000,52583,3,2011-04-20,2019,Hybrid,Married,4,No
EMP1182,Anaya Joshi,Female,47,Punjab,Product,System Administrator,19,M.Tech,1229000,102417,3,2010-01-22,2016,Onsite,Single,5,No
EMP1183,Ayaan Iyer,Female,32,Telangana,Support,DevOps Engineer,4,B.Sc,1123000,93583,2,2016-10-20,2016,Onsite,Single,1,Yes
EMP1184,Avni Patel,Female,18,Telangana,IT,UI/UX Designer,0,MBA,621000,51750,2,2017-11-08,2018,Remote,Single,2,No
EMP1185,Krishna Joshi,Female,28,Punjab,Operations,Project Manager,4,BCA,685000,57083,5,2015-05-25,2022,Hybrid,Single,5,No
EMP1186,Vihaan Joshi,Male,18,Telangana,Product,System Administrator,0,M.Tech,267000,22250,3,2011-05-25,2017,Remote,Single,3,No
EMP1187,Ishaan Kapoor,Male,22,Karnataka,Support,QA Engineer,0,B.Tech,651000,54250,3,2010-11-10,2020,Onsite,Single,4,No
EMP1188,Kiara Reddy,Female,20,Maharashtra,IT,Project Manager,0,M.Tech,914000,76167,1,2017-07-27,2020,Onsite,Single,2,No
EMP1189,Diya Mehta,Female,23,Maharashtra,IT,Project Manager,0,MBA,728000,60667,1,2019-04-04,2016,Onsite,Single,3,No
EMP1190,Kiara Kumar,Male,37,Punjab,IT,Data Analyst,13,B.Tech,1027000,85583,4,2017-03-21,2015,Onsite,Single,5,No
EMP1191,Arjun Gupta,Female,55,Gujarat,Support,Product Manager,15,MBA,1254000,104500,3,2011-07-19,2017,Remote,Married,4,Yes
EMP1192,Ira Iyer,Male,26,Uttar Pradesh,Finance,Software Engineer,4,B.Tech,627000,52250,5,2011-09-19,2020,Onsite,Single,2,Yes
EMP1193,Tara Gupta,Male,58,Karnataka,HR,Product Manager,19,B.Tech,1773000,147750,5,2018-08-26,2015,Remote,Married,2,Yes
EMP1194,Reyansh Patel,Male,39,West Bengal,HR,Software Engineer,8,B.Tech,1290000,107500,4,2012-02-28,2022,Remote,Married,2,No
EMP1195,Tara Patel,Male,19,Karnataka,Support,HR Executive,0,MCA,583000,48583,3,2011-06-03,2020,Hybrid,Single,2,No
EMP1196,Vihaan Sharma,Female,32,Tamil Nadu,HR,System Administrator,10,B.Tech,1137000,94750,2,2019-05-15,2020,Hybrid,Married,5,Yes
EMP1197,Vihaan Patel,Female,37,Maharashtra,HR,System Administrator,8,B.Sc,1028000,85667,1,2018-10-06,2020,Onsite,Married,2,No
EMP1198,Krishna Kapoor,Male,48,Tamil Nadu,Operations,UI/UX Designer,20,B.Tech,1500000,125000,4,2020-09-09,2016,Onsite,Married,1,No
EMP1199,Meera Patel,Male,50,West Bengal,IT,Data Analyst,0,MBA,460000,38333,5,2011-07-10,2016,Remote,Single,3,No
EMP1200,Ira Gupta,Male,41,Tamil Nadu,Support,HR Executive,2,M.Tech,526000,43833,3,2010-09-06,2023,Hybrid,Single,4,No
EMP1201,Meera Iyer,Female,35,Karnataka,HR,HR Executive,7,BCA,866000,72167,4,2020-10-25,2018,Remote,Married,5,No
EMP1202,Aarav Kumar,Male,22,Uttar Pradesh,Product,Software Engineer,0,MCA,873000,72750,2,2014-01-10,2019,Remote,Single,3,No
EMP1203,Tara Gupta,Female,20,Punjab,Product,QA Engineer,0,BCA,398000,33167,1,2016-05-04,2015,Remote,Married,1,No
EMP1204,Arjun Kapoor,Female,19,Gujarat,IT,DevOps Engineer,0,B.Sc,377000,31417,1,2016-03-25,2020,Onsite,Single,5,No
EMP1205,Aadhya Kapoor,Female,26,Tamil Nadu,Support,Data Analyst,4,M.Tech,995000,82917,1,2019-12-19,2018,Remote,Single,2,No
EMP1206,Ayaan Joshi,Male,19,Maharashtra,Support,HR Executive,0,B.Tech,784000,65333,4,2012-03-10,2022,Hybrid,Married,1,Yes
EMP1207,Reyansh Gupta,Male,31,West Bengal,IT,Software Engineer,0,MCA,710000,59167,5,2014-10-17,2017,Hybrid,Married,1,No
EMP1208,Avni Iyer,Female,33,West Bengal,Operations,UI/UX Designer,10,B.Tech,1544000,128667,3,2015-12-09,2022,Onsite,Single,1,No
EMP1209,Myra Patel,Male,20,Telangana,Support,DevOps Engineer,0,BCA,653000,54417,1,2018-08-18,2017,Remote,Married,4,Yes
EMP1210,Vivaan Kumar,Female,45,Delhi,Product,UI/UX Designer,19,MBA,1188000,99000,2,2019-03-19,2017,Remote,Married,3,No
EMP1211,Krishna Verma,Male,25,Kerala,IT,Data Analyst,2,B.Sc,958000,79833,1,2017-09-26,2019,Onsite,Married,2,No
EMP1212,Sai Kapoor,Male,22,Maharashtra,Finance,Product Manager,0,MCA,794000,66167,4,2019-04-10,2019,Onsite,Married,2,No
EMP1213,Diya Kapoor,Male,38,Maharashtra,HR,QA Engineer,15,M.Tech,1224000,102000,2,2011-12-19,2021,Remote,Married,1,Yes
EMP1214,Myra Iyer,Female,23,West Bengal,Support,DevOps Engineer,1,MCA,448000,37333,1,2020-04-07,2020,Remote,Single,5,No
EMP1215,Ayaan Sharma,Female,40,Telangana,Support,System Administrator,5,BCA,983000,81917,4,2022-05-03,2019,Remote,Married,1,No
EMP1216,Vivaan Gupta,Female,24,Maharashtra,Support,Product Manager,0,MCA,739000,61583,2,2015-11-20,2017,Onsite,Single,3,No
EMP1217,Saanvi Iyer,Male,24,Tamil Nadu,Support,DevOps Engineer,2,BCA,692000,57667,4,2017-02-17,2018,Hybrid,Single,3,Yes
EMP1218,Kiara Verma,Female,27,West Bengal,Product,DevOps Engineer,4,MBA,773000,64417,5,2018-04-16,2017,Hybrid,Married,3,No
EMP1219,Anaya Verma,Male,30,Gujarat,Support,System Administrator,4,M.Tech,1024000,85333,3,2017-07-11,2019,Onsite,Single,1,No
EMP1220,Aarav Gupta,Female,19,Uttar Pradesh,Support,HR Executive,0,M.Tech,710000,59167,4,2010-02-20,2016,Onsite,Single,3,No
EMP1221,Vihaan Kumar,Female,42,West Bengal,Finance,Data Analyst,5,B.Sc,654000,54500,2,2017-11-22,2018,Onsite,Married,2,Yes
EMP1222,Avni Gupta,Female,47,Telangana,IT,Product Manager,15,MBA,1962000,163500,3,2012-04-05,2015,Hybrid,Single,1,No
EMP1223,Ishaan Patel,Female,19,Karnataka,HR,Product Manager,0,B.Sc,497000,41417,1,2019-02-27,2018,Remote,Married,2,Yes
EMP1224,Ayaan Gupta,Male,31,Kerala,Operations,UI/UX Designer,4,M.Tech,761000,63417,4,2016-12-17,2018,Onsite,Single,4,Yes
EMP1225,Anaya Iyer,Female,21,Uttar Pradesh,HR,QA Engineer,0,BCA,776000,64667,2,2017-03-12,2021,Onsite,Single,2,No
EMP1226,Kiara Gupta,Male,27,Maharashtra,HR,HR Executive,0,MCA,524000,43667,2,2010-09-08,2018,Remote,Single,5,No
EMP1227,Saanvi Mehta,Female,29,Gujarat,Operations,UI/UX Designer,3,MBA,968000,80667,2,2018-08-13,2015,Onsite,Single,3,No
EMP1228,Myra Kumar,Female,46,Uttar Pradesh,Operations,System Administrator,21,MCA,1908000,159000,1,2012-12-03,2020,Remote,Married,5,No
EMP1229,Aadhya Iyer,Female,25,Delhi,IT,DevOps Engineer,1,B.Tech,894000,74500,4,2014-10-20,2021,Hybrid,Married,4,Yes
EMP1230,Aarav Sharma,Female,42,Maharashtra,HR,System Administrator,19,M.Tech,1447000,120583,4,2020-07-14,2022,Hybrid,Married,3,No
EMP1231,Meera Verma,Male,41,Telangana,Support,Software Engineer,15,MCA,1624000,135333,5,2016-01-08,2017,Hybrid,Single,4,No
EMP1232,Tara Joshi,Female,19,Uttar Pradesh,IT,System Administrator,0,B.Sc,721000,60083,1,2012-11-02,2023,Hybrid,Married,1,No
EMP1233,Anaya Mehta,Female,21,Maharashtra,IT,QA Engineer,0,M.Tech,645000,53750,3,2022-05-21,2022,Hybrid,Married,2,No
EMP1234,Aadhya Iyer,Female,27,Tamil Nadu,HR,Software Engineer,0,MBA,697000,58083,3,2016-12-27,2015,Remote,Single,4,No
EMP1235,Aadhya Joshi,Female,48,Delhi,Operations,System Administrator,3,BCA,885000,73750,4,2012-10-28,2017,Remote,Married,3,No
EMP1236,Vihaan Kumar,Male,59,Punjab,Operations,QA Engineer,32,BCA,2151000,179250,2,2022-09-02,2017,Remote,Married,2,No
EMP1237,Tara Mehta,Female,23,Delhi,IT,Data Analyst,0,BCA,410000,34167,2,2018-02-03,2019,Onsite,Married,1,No
EMP1238,Ira Reddy,Male,29,Punjab,Product,HR Executive,3,B.Tech,1099000,91583,2,2019-05-06,2015,Hybrid,Married,4,No
EMP1239,Tara Sharma,Female,52,Kerala,Finance,DevOps Engineer,27,MCA,1963000,163583,2,2014-10-13,2019,Hybrid,Single,3,No
EMP1240,Kiara Mehta,Male,19,West Bengal,Product,Data Analyst,0,MBA,815000,67917,4,2017-06-28,2023,Hybrid,Single,2,No
EMP1241,Avni Sharma,Male,19,Maharashtra,IT,Product Manager,0,M.Tech,626000,52167,5,2015-10-21,2015,Remote,Married,3,No
EMP1242,Sai Sharma,Male,42,Uttar Pradesh,Finance,HR Executive,16,BCA,1340000,111667,1,2017-06-27,2015,Hybrid,Single,3,Yes
EMP1243,Meera Verma,Female,19,Delhi,IT,Project Manager,0,B.Tech,967000,80583,3,2022-07-12,2021,Hybrid,Single,3,Yes
EMP1244,Saanvi Gupta,Female,35,Kerala,Product,System Administrator,3,MCA,464000,38667,2,2010-07-11,2016,Onsite,Single,4,No
EMP1245,Myra Verma,Female,35,Tamil Nadu,Support,System Administrator,13,MBA,1175000,97917,4,2018-07-13,2016,Hybrid,Married,4,No
EMP1246,Reyansh Verma,Female,34,Gujarat,Product,HR Executive,2,BCA,630000,52500,5,2015-08-26,2018,Onsite,Single,2,No
EMP1247,Ishaan Sharma,Female,30,Delhi,Operations,QA Engineer,4,B.Tech,771000,64250,3,2018-03-05,2020,Remote,Single,1,No
EMP1248,Ira Sharma,Female,23,Karnataka,IT,DevOps Engineer,0,MBA,641000,53417,4,2018-09-23,2017,Onsite,Single,5,No
EMP1249,Ira Kapoor,Female,27,Gujarat,IT,UI/UX Designer,3,B.Tech,787000,65583,2,2012-04-16,2016,Remote,Single,3,Yes
EMP1250,Meera Kumar,Female,57,Maharashtra,Finance,Data Analyst,16,M.Tech,1189000,99083,2,2012-05-27,2020,Onsite,Married,3,No
EMP1251,Diya Sharma,Male,33,Maharashtra,Operations,QA Engineer,3,MCA,758000,63167,4,2017-05-26,2018,Remote,Single,4,Yes
EMP1252,Aditya Reddy,Male,24,Delhi,Finance,System Administrator,2,MCA,789000,65750,5,2019-05-05,2021,Onsite,Married,1,Yes
EMP1253,Tara Reddy,Male,26,Punjab,Finance,HR Executive,1,MBA,964000,80333,4,2015-06-20,2023,Onsite,Married,4,Yes
EMP1254,Diya Verma,Male,35,West Bengal,IT,Project Manager,10,M.Tech,928000,77333,4,2016-04-19,2017,Onsite,Single,5,No
EMP1255,Anaya Gupta,Female,40,Maharashtra,Finance,Software Engineer,9,MCA,683000,56917,5,2013-07-26,2016,Hybrid,Single,1,No
EMP1256,Diya Patel,Male,35,West Bengal,Finance,Product Manager,4,M.Tech,643000,53583,4,2020-11-13,2017,Hybrid,Married,3,No
EMP1257,Ishaan Iyer,Female,36,Uttar Pradesh,Product,Software Engineer,11,BCA,1287000,107250,1,2018-04-18,2023,Remote,Married,2,No
EMP1258,Vivaan Reddy,Male,20,Gujarat,Operations,UI/UX Designer,0,M.Tech,589000,49083,1,2010-03-28,2018,Remote,Single,2,No
EMP1259,Ira Iyer,Female,19,Karnataka,Support,Product Manager,0,M.Tech,637000,53083,2,2019-12-22,2022,Remote,Married,5,Yes
EMP1260,Myra Reddy,Female,37,Delhi,HR,QA Engineer,3,BCA,938000,78167,1,2012-07-13,2019,Onsite,Married,3,No
EMP1261,Ayaan Sharma,Male,38,Telangana,Finance,Project Manager,15,B.Tech,1333000,111083,4,2021-03-14,2020,Remote,Single,5,No
EMP1262,Myra Iyer,Female,30,Punjab,IT,UI/UX Designer,5,B.Sc,250000,20833,2,2021-07-11,2021,Hybrid,Married,3,No
EMP1263,Tara Kumar,Female,59,Kerala,Product,Software Engineer,2,MBA,588000,49000,5,2010-03-28,2017,Onsite,Single,4,No
EMP1264,Myra Joshi,Female,40,Uttar Pradesh,Operations,DevOps Engineer,3,B.Sc,953000,79417,3,2014-06-11,2017,Remote,Married,3,No
EMP1265,Ishaan Kumar,Female,31,Karnataka,Finance,DevOps Engineer,3,MBA,954000,79500,3,2015-04-06,2015,Remote,Married,1,No
EMP1266,Vihaan Joshi,Female,20,West Bengal,Support,QA Engineer,0,BCA,693000,57750,5,2021-11-19,2019,Onsite,Married,5,No
EMP1267,Meera Joshi,Male,40,West Bengal,IT,HR Executive,3,BCA,1035000,86250,5,2022-03-01,2018,Remote,Married,3,No
EMP1268,Kiara Kumar,Female,28,West Bengal,Finance,System Administrator,5,MCA,734000,61167,1,2015-04-26,2020,Hybrid,Single,2,No
EMP1269,Aarav Sharma,Male,22,Telangana,Operations,Data Analyst,0,M.Tech,486000,40500,4,2013-01-04,2020,Remote,Married,1,Yes
EMP1270,Vihaan Verma,Male,20,Delhi,Finance,QA Engineer,0,MBA,447000,37250,3,2020-09-18,2017,Hybrid,Single,3,No
EMP1271,Diya Reddy,Female,30,Karnataka,HR,HR Executive,6,MCA,613000,51083,4,2016-01-26,2021,Remote,Single,4,Yes
EMP1272,Arjun Kumar,Male,30,Gujarat,IT,UI/UX Designer,4,BCA,802000,66833,2,2014-12-23,2015,Hybrid,Married,5,No
EMP1273,Aarav Kapoor,Female,25,Delhi,Finance,Data Analyst,1,M.Tech,606000,50500,5,2013-01-02,2022,Remote,Married,4,No
EMP1274,Kiara Mehta,Male,28,Maharashtra,IT,Product Manager,4,M.Tech,747000,62250,4,2022-06-05,2021,Onsite,Married,5,No
EMP1275,Avni Patel,Male,35,Uttar Pradesh,Operations,DevOps Engineer,6,BCA,657000,54750,5,2022-03-03,2022,Hybrid,Married,4,No
EMP1276,Aditya Joshi,Male,18,Telangana,IT,QA Engineer,0,BCA,558000,46500,5,2011-09-22,2022,Onsite,Single,4,Yes
EMP1277,Anaya Joshi,Female,44,Karnataka,Support,UI/UX Designer,16,MCA,1072000,89333,5,2020-12-18,2023,Hybrid,Married,3,No
EMP1278,Vivaan Patel,Male,35,West Bengal,Support,Software Engineer,11,BCA,1174000,97833,1,2022-05-25,2018,Remote,Married,2,No
EMP1279,Aditya Mehta,Female,29,Telangana,HR,UI/UX Designer,6,BCA,835000,69583,3,2015-12-24,2023,Onsite,Single,3,No
EMP1280,Aarav Patel,Male,42,Delhi,Product,Product Manager,17,BCA,1739000,144917,4,2010-05-26,2017,Remote,Single,3,No
EMP1281,Ayaan Iyer,Female,34,Punjab,IT,QA Engineer,11,B.Tech,957000,79750,5,2015-07-19,2021,Hybrid,Single,5,No
EMP1282,Myra Verma,Female,21,Kerala,Finance,UI/UX Designer,0,MBA,926000,77167,3,2019-07-18,2018,Hybrid,Married,3,No
EMP1283,Aadhya Joshi,Female,42,Karnataka,IT,Product Manager,7,M.Tech,898000,74833,5,2011-09-06,2023,Onsite,Married,5,No
EMP1284,Meera Sharma,Male,20,Delhi,Product,Project Manager,0,MCA,1088000,90667,3,2012-01-04,2023,Onsite,Single,4,Yes
EMP1285,Ishaan Patel,Female,24,Maharashtra,HR,HR Executive,0,B.Sc,541000,45083,1,2017-07-18,2016,Onsite,Single,5,No
EMP1286,Tara Verma,Male,34,Kerala,Operations,Product Manager,10,MCA,1362000,113500,2,2018-04-08,2023,Onsite,Single,2,No
EMP1287,Myra Reddy,Male,21,West Bengal,Product,System Administrator,0,M.Tech,579000,48250,2,2022-09-08,2017,Hybrid,Married,1,Yes
EMP1288,Arjun Kapoor,Male,49,Kerala,IT,System Administrator,9,B.Sc,1250000,104167,4,2016-02-22,2022,Hybrid,Single,5,No
EMP1289,Reyansh Kapoor,Male,41,Gujarat,Support,Data Analyst,17,MBA,1370000,114167,2,2019-03-18,2020,Onsite,Single,3,Yes
EMP1290,Diya Mehta,Female,51,Tamil Nadu,Support,UI/UX Designer,23,B.Tech,1719000,143250,1,2012-06-04,2021,Remote,Single,1,Yes
EMP1291,Myra Mehta,Female,20,West Bengal,HR,System Administrator,0,B.Sc,438000,36500,1,2018-06-24,2016,Hybrid,Married,5,No
EMP1292,Aditya Kumar,Male,35,Tamil Nadu,HR,DevOps Engineer,10,MCA,877000,73083,4,2015-08-07,2022,Hybrid,Married,3,No
EMP1293,Aarav Kumar,Female,33,Gujarat,Operations,DevOps Engineer,7,B.Tech,721000,60083,3,2020-11-10,2019,Onsite,Married,4,No
EMP1294,Tara Patel,Male,29,Delhi,Support,Project Manager,7,MCA,1114000,92833,3,2022-01-28,2022,Hybrid,Married,2,No
EMP1295,Avni Joshi,Male,19,Karnataka,Product,Product Manager,0,BCA,782000,65167,3,2013-01-13,2015,Remote,Married,4,No
EMP1296,Sai Gupta,Male,21,Uttar Pradesh,HR,Product Manager,0,B.Tech,525000,43750,5,2014-09-24,2018,Onsite,Single,5,No
EMP1297,Reyansh Verma,Female,45,Uttar Pradesh,IT,Product Manager,16,B.Tech,1316000,109667,5,2014-05-20,2017,Onsite,Single,1,No
EMP1298,Sai Sharma,Male,18,Karnataka,IT,System Administrator,0,B.Tech,463000,38583,2,2010-08-04,2018,Onsite,Married,3,No
EMP1299,Aadhya Gupta,Female,38,Karnataka,Support,Data Analyst,8,MCA,1057000,88083,2,2010-05-11,2021,Onsite,Married,1,No
EMP1300,Reyansh Gupta,Female,18,Karnataka,HR,Data Analyst,0,BCA,634000,52833,3,2015-10-01,2018,Remote,Single,4,No
EMP1301,Aadhya Sharma,Male,31,Kerala,Finance,System Administrator,8,BCA,1133000,94417,1,2018-07-28,2017,Remote,Married,5,No
EMP1302,Aadhya Kumar,Female,29,Gujarat,IT,Data Analyst,0,BCA,489000,40750,2,2017-06-03,2022,Hybrid,Single,1,Yes
EMP1303,Saanvi Kumar,Female,21,Kerala,HR,Project Manager,0,B.Sc,636000,53000,1,2010-04-10,2015,Onsite,Single,4,No
EMP1304,Vivaan Kapoor,Female,47,Karnataka,Product,System Administrator,12,B.Tech,1461000,121750,3,2014-12-06,2020,Onsite,Married,1,Yes
EMP1305,Reyansh Kapoor,Female,19,Maharashtra,Operations,Product Manager,0,MCA,347000,28917,5,2016-11-25,2019,Onsite,Married,2,Yes
EMP1306,Vivaan Sharma,Female,25,Punjab,IT,DevOps Engineer,1,MBA,291000,24250,5,2019-02-11,2021,Onsite,Single,5,No
EMP1307,Aarav Kapoor,Female,25,Tamil Nadu,HR,Project Manager,2,MBA,807000,67250,1,2021-08-16,2023,Hybrid,Married,3,No
EMP1308,Reyansh Joshi,Male,29,Gujarat,Operations,Data Analyst,1,BCA,835000,69583,2,2019-01-11,2023,Onsite,Married,3,Yes
EMP1309,Krishna Reddy,Male,31,Maharashtra,IT,UI/UX Designer,7,MCA,642000,53500,1,2011-08-26,2019,Onsite,Married,5,No
EMP1310,Aadhya Joshi,Female,22,Maharashtra,Product,System Administrator,0,B.Sc,650000,54167,2,2011-11-20,2022,Hybrid,Single,4,Yes
EMP1311,Aditya Verma,Male,28,Maharashtra,HR,Software Engineer,4,MBA,1191000,99250,5,2010-12-01,2015,Hybrid,Single,3,No
EMP1312,Saanvi Gupta,Female,58,Uttar Pradesh,Support,Project Manager,35,B.Tech,2324000,193667,4,2010-09-10,2020,Remote,Married,5,No
EMP1313,Myra Reddy,Female,29,Tamil Nadu,Operations,Product Manager,6,B.Sc,959000,79917,1,2022-10-11,2016,Remote,Married,1,No
EMP1314,Saanvi Reddy,Female,37,Kerala,HR,Data Analyst,7,M.Tech,1274000,106167,5,2018-07-15,2021,Onsite,Married,4,No
EMP1315,Vivaan Kumar,Female,53,Delhi,Support,System Administrator,22,M.Tech,1878000,156500,3,2021-04-27,2020,Remote,Single,3,Yes
EMP1316,Arjun Patel,Female,32,West Bengal,Product,Project Manager,3,MCA,902000,75167,3,2014-09-15,2017,Onsite,Married,1,No
EMP1317,Diya Kumar,Female,44,Gujarat,Support,DevOps Engineer,5,M.Tech,932000,77667,2,2018-10-26,2015,Onsite,Single,3,No
EMP1318,Vihaan Verma,Male,21,Telangana,Finance,Data Analyst,0,M.Tech,776000,64667,1,2021-01-10,2016,Remote,Married,5,No
EMP1319,Tara Gupta,Female,33,Delhi,Product,Project Manager,8,M.Tech,683000,56917,5,2021-06-18,2019,Remote,Single,4,No
EMP1320,Diya Kumar,Female,51,West Bengal,Support,UI/UX Designer,6,M.Tech,767000,63917,5,2015-01-19,2016,Remote,Married,3,Yes
EMP1321,Tara Kapoor,Female,30,West Bengal,Support,Software Engineer,4,B.Tech,731000,60917,4,2013-10-10,2023,Hybrid,Single,2,No
EMP1322,Vivaan Verma,Male,25,Maharashtra,Product,Product Manager,2,M.Tech,347000,28917,5,2013-03-19,2016,Onsite,Married,2,No
EMP1323,Vihaan Sharma,Male,20,Kerala,IT,System Administrator,0,B.Sc,444000,37000,2,2019-03-18,2019,Remote,Single,2,No
EMP1324,Saanvi Iyer,Male,24,West Bengal,Support,Project Manager,1,BCA,598000,49833,2,2022-03-03,2022,Hybrid,Married,2,No
EMP1325,Diya Mehta,Female,39,Kerala,Support,Data Analyst,17,B.Sc,1724000,143667,2,2018-05-13,2019,Hybrid,Married,4,No
EMP1326,Aditya Reddy,Male,24,Telangana,Support,QA Engineer,1,B.Tech,323000,26917,4,2013-11-12,2019,Hybrid,Single,5,No
EMP1327,Ishaan Joshi,Male,58,West Bengal,Product,System Administrator,12,B.Tech,1142000,95167,5,2021-09-12,2019,Remote,Married,4,No
EMP1328,Ira Kapoor,Male,53,Uttar Pradesh,Operations,Product Manager,12,MCA,1128000,94000,2,2010-07-24,2023,Onsite,Married,3,Yes
EMP1329,Saanvi Gupta,Female,39,Delhi,IT,HR Executive,4,B.Sc,514000,42833,2,2011-04-05,2017,Onsite,Single,5,Yes
EMP1330,Krishna Verma,Female,22,West Bengal,Operations,Product Manager,0,B.Sc,488000,40667,4,2014-02-10,2015,Hybrid,Married,2,Yes
EMP1331,Krishna Reddy,Female,46,Gujarat,HR,HR Executive,13,B.Tech,1587000,132250,3,2017-08-23,2022,Hybrid,Single,2,No
EMP1332,Vihaan Patel,Male,25,Uttar Pradesh,IT,System Administrator,0,BCA,800000,66667,4,2011-09-18,2021,Onsite,Married,5,No
EMP1333,Avni Sharma,Female,22,Karnataka,Product,Product Manager,0,MCA,645000,53750,5,2012-02-14,2018,Hybrid,Single,4,Yes
EMP1334,Ishaan Joshi,Male,24,Gujarat,Product,Data Analyst,1,M.Tech,902000,75167,2,2019-10-06,2017,Onsite,Married,1,No
EMP1335,Kiara Reddy,Male,21,Karnataka,IT,System Administrator,0,MCA,504000,42000,3,2017-01-11,2015,Remote,Married,2,No
EMP1336,Tara Kumar,Female,41,Uttar Pradesh,IT,QA Engineer,15,B.Sc,1422000,118500,4,2014-08-21,2016,Hybrid,Married,1,Yes
EMP1337,Sai Mehta,Male,59,Delhi,Operations,QA Engineer,2,B.Sc,620000,51667,5,2022-02-21,2022,Hybrid,Married,3,Yes
EMP1338,Ishaan Reddy,Male,42,Punjab,IT,DevOps Engineer,1,MBA,887000,73917,2,2011-04-19,2015,Onsite,Single,2,Yes
EMP1339,Kiara Verma,Female,31,Maharashtra,Support,Project Manager,3,MBA,646000,53833,1,2012-07-17,2015,Hybrid,Married,4,Yes
EMP1340,Diya Reddy,Male,24,Maharashtra,Product,HR Executive,2,B.Tech,640000,53333,5,2022-01-10,2021,Remote,Married,3,No
EMP1341,Sai Joshi,Female,46,Punjab,Support,Data Analyst,17,MBA,1497000,124750,2,2012-02-05,2018,Hybrid,Married,1,No
EMP1342,Sai Mehta,Male,21,Delhi,IT,Product Manager,0,B.Tech,807000,67250,5,2016-09-12,2019,Remote,Married,4,No
EMP1343,Reyansh Mehta,Male,28,Karnataka,Support,Product Manager,5,M.Tech,1090000,90833,3,2015-10-19,2016,Hybrid,Married,2,No
EMP1344,Saanvi Sharma,Male,53,Gujarat,Product,DevOps Engineer,21,M.Tech,1768000,147333,4,2013-10-07,2022,Onsite,Married,3,No
EMP1345,Aditya Reddy,Female,22,Punjab,Product,System Administrator,0,BCA,339000,28250,3,2012-08-12,2023,Onsite,Married,5,No
EMP1346,Myra Reddy,Female,24,Karnataka,Operations,Software Engineer,2,B.Sc,380000,31667,1,2020-11-26,2020,Hybrid,Single,3,Yes
EMP1347,Ayaan Kumar,Male,38,Tamil Nadu,Finance,QA Engineer,6,MCA,1117000,93083,1,2019-11-07,2019,Remote,Married,4,No
EMP1348,Tara Joshi,Male,22,Karnataka,HR,Product Manager,0,B.Tech,921000,76750,1,2021-07-07,2015,Onsite,Single,5,No
EMP1349,Aadhya Reddy,Female,24,Maharashtra,Support,Software Engineer,1,M.Tech,457000,38083,5,2014-07-18,2020,Remote,Single,5,No
EMP1350,Vivaan Verma,Male,31,Punjab,Finance,Data Analyst,9,MCA,1455000,121250,3,2016-12-21,2021,Onsite,Married,5,Yes
EMP1351,Vivaan Iyer,Male,19,West Bengal,Finance,Project Manager,0,B.Tech,479000,39917,5,2022-06-26,2017,Hybrid,Married,3,No
EMP1352,Vihaan Verma,Female,35,Maharashtra,Finance,Software Engineer,5,MBA,769000,64083,2,2021-07-01,2023,Hybrid,Married,4,Yes
EMP1353,Sai Kapoor,Male,43,Karnataka,Operations,UI/UX Designer,11,B.Sc,1391000,115917,4,2015-05-17,2020,Onsite,Single,2,No
EMP1354,Saanvi Sharma,Female,39,Telangana,Finance,QA Engineer,5,B.Sc,919000,76583,3,2022-08-16,2021,Hybrid,Single,2,No
EMP1355,Ayaan Patel,Female,23,Uttar Pradesh,Product,Product Manager,0,B.Sc,453000,37750,5,2017-10-14,2016,Onsite,Single,1,Yes
EMP1356,Reyansh Mehta,Female,32,Punjab,Product,System Administrator,3,BCA,346000,28833,5,2021-06-14,2019,Onsite,Single,1,Yes
EMP1357,Ishaan Mehta,Female,56,West Bengal,Operations,QA Engineer,28,B.Tech,2149000,179083,5,2020-10-14,2016,Onsite,Single,5,No
EMP1358,Sai Iyer,Male,30,Karnataka,HR,HR Executive,8,M.Tech,1280000,106667,5,2011-07-02,2020,Onsite,Married,4,No
EMP1359,Myra Kapoor,Male,55,Maharashtra,HR,Product Manager,29,MBA,2176000,181333,4,2017-12-04,2022,Hybrid,Single,3,Yes
EMP1360,Vihaan Iyer,Male,36,Tamil Nadu,Product,Software Engineer,10,M.Tech,973000,81083,3,2020-02-02,2021,Onsite,Married,2,No
EMP1361,Tara Verma,Male,51,Telangana,Operations,Data Analyst,6,B.Sc,857000,71417,4,2022-01-28,2022,Hybrid,Married,4,Yes
EMP1362,Myra Reddy,Male,27,Telangana,Product,Project Manager,0,B.Sc,654000,54500,3,2013-04-04,2018,Onsite,Married,2,Yes
EMP1363,Arjun Verma,Male,22,Delhi,Support,DevOps Engineer,0,BCA,548000,45667,1,2020-01-03,2021,Remote,Single,3,No
EMP1364,Reyansh Mehta,Male,41,Tamil Nadu,Product,Data Analyst,4,B.Tech,552000,46000,4,2019-10-10,2015,Onsite,Single,2,No
EMP1365,Avni Reddy,Male,19,Karnataka,HR,Data Analyst,0,B.Tech,682000,56833,2,2010-12-07,2017,Hybrid,Married,2,Yes
EMP1366,Vihaan Mehta,Male,50,Maharashtra,Operations,UI/UX Designer,19,B.Sc,1504000,125333,5,2014-08-12,2016,Onsite,Married,5,No
EMP1367,Krishna Kapoor,Female,21,Karnataka,Support,DevOps Engineer,0,MBA,481000,40083,5,2013-09-19,2021,Hybrid,Single,1,Yes
EMP1368,Ira Iyer,Male,35,West Bengal,HR,Data Analyst,11,B.Sc,1090000,90833,5,2019-08-11,2023,Remote,Single,3,No
EMP1369,Vihaan Verma,Male,43,Gujarat,HR,Software Engineer,20,M.Tech,1373000,114417,1,2011-05-04,2022,Remote,Married,5,Yes
EMP1370,Kiara Reddy,Male,39,Kerala,IT,Data Analyst,7,MBA,629000,52417,1,2014-11-15,2022,Hybrid,Single,3,Yes
EMP1371,Kiara Sharma,Female,28,Gujarat,HR,UI/UX Designer,1,B.Sc,647000,53917,5,2017-05-10,2019,Onsite,Single,2,No
EMP1372,Meera Iyer,Female,18,West Bengal,Product,Product Manager,0,B.Tech,579000,48250,2,2019-01-17,2020,Remote,Single,2,No
EMP1373,Reyansh Patel,Female,32,Uttar Pradesh,Finance,HR Executive,7,M.Tech,806000,67167,2,2018-05-09,2019,Hybrid,Single,1,Yes
EMP1374,Ishaan Gupta,Male,52,Uttar Pradesh,IT,Data Analyst,18,MBA,1541000,128417,3,2012-02-07,2023,Onsite,Single,3,Yes
EMP1375,Saanvi Gupta,Male,57,Tamil Nadu,Support,UI/UX Designer,27,B.Sc,2122000,176833,5,2020-07-26,2017,Remote,Single,4,Yes
EMP1376,Sai Patel,Female,25,Kerala,HR,DevOps Engineer,0,MCA,650000,54167,2,2012-10-14,2023,Onsite,Single,3,No
EMP1377,Vihaan Sharma,Female,34,Kerala,HR,HR Executive,4,B.Sc,720000,60000,4,2012-12-07,2016,Remote,Married,5,Yes
EMP1378,Reyansh Iyer,Female,19,Tamil Nadu,Operations,Software Engineer,0,B.Sc,849000,70750,1,2020-07-25,2016,Onsite,Single,3,Yes
EMP1379,Vivaan Joshi,Female,25,West Bengal,Support,HR Executive,3,B.Tech,343000,28583,1,2018-03-01,2015,Hybrid,Single,5,Yes
EMP1380,Vivaan Kumar,Female,19,Gujarat,Product,DevOps Engineer,0,B.Tech,1022000,85167,5,2015-03-28,2019,Hybrid,Single,1,Yes
EMP1381,Krishna Gupta,Female,31,Karnataka,HR,Product Manager,1,MCA,473000,39417,4,2021-11-18,2018,Onsite,Single,5,Yes
EMP1382,Arjun Mehta,Female,46,Tamil Nadu,HR,Data Analyst,16,M.Tech,1192000,99333,2,2022-07-21,2015,Onsite,Single,5,No
EMP1383,Meera Mehta,Female,54,Maharashtra,HR,Project Manager,13,B.Tech,1746000,145500,5,2010-06-17,2017,Hybrid,Married,3,No
EMP1384,Saanvi Kapoor,Female,31,Maharashtra,Finance,QA Engineer,9,M.Tech,1222000,101833,3,2017-12-03,2015,Onsite,Married,3,No
EMP1385,Sai Patel,Male,23,Delhi,Support,UI/UX Designer,1,B.Tech,841000,70083,5,2016-01-05,2020,Onsite,Married,5,No
EMP1386,Ishaan Sharma,Male,46,Kerala,Operations,QA Engineer,13,M.Tech,1065000,88750,5,2017-06-27,2023,Hybrid,Married,4,No
EMP1387,Aditya Sharma,Male,37,Gujarat,Operations,HR Executive,11,BCA,1042000,86833,3,2016-03-12,2019,Onsite,Single,5,No
EMP1388,Sai Mehta,Male,18,West Bengal,Finance,System Administrator,0,MBA,589000,49083,2,2021-08-02,2022,Onsite,Single,5,No
EMP1389,Anaya Mehta,Male,18,Punjab,Product,DevOps Engineer,0,M.Tech,704000,58667,4,2020-03-16,2020,Onsite,Married,4,No
EMP1390,Aditya Iyer,Male,25,Telangana,HR,QA Engineer,3,M.Tech,555000,46250,3,2010-08-19,2015,Onsite,Single,2,No
EMP1391,Ira Sharma,Male,47,Uttar Pradesh,Finance,Product Manager,11,BCA,1028000,85667,4,2020-02-24,2019,Remote,Married,3,No
EMP1392,Reyansh Mehta,Male,51,Telangana,HR,UI/UX Designer,11,MBA,947000,78917,4,2015-10-03,2018,Onsite,Married,4,No
EMP1393,Arjun Sharma,Male,42,Maharashtra,HR,QA Engineer,7,BCA,737000,61417,4,2017-07-15,2023,Onsite,Married,4,No
EMP1394,Ishaan Verma,Male,18,Punjab,Support,Project Manager,0,B.Sc,598000,49833,4,2014-03-12,2018,Hybrid,Married,4,No
EMP1395,Krishna Kapoor,Female,48,Punjab,Operations,UI/UX Designer,6,BCA,920000,76667,2,2021-09-19,2021,Hybrid,Single,3,Yes
EMP1396,Aditya Iyer,Male,31,Punjab,HR,Software Engineer,4,MBA,620000,51667,3,2011-12-22,2020,Hybrid,Single,4,No
EMP1397,Aarav Kumar,Male,52,Kerala,Product,Product Manager,1,MBA,897000,74750,4,2020-01-11,2018,Onsite,Married,5,Yes
EMP1398,Meera Mehta,Female,19,Telangana,Support,UI/UX Designer,0,B.Sc,565000,47083,3,2011-09-03,2021,Remote,Married,2,No
EMP1399,Ayaan Verma,Female,28,Maharashtra,IT,QA Engineer,2,BCA,487000,40583,3,2013-06-16,2023,Onsite,Married,1,No
EMP1400,Myra Sharma,Female,35,Delhi,IT,HR Executive,9,BCA,1133000,94417,1,2017-10-09,2015,Onsite,Single,3,No
EMP1401,Vihaan Gupta,Male,18,Tamil Nadu,Product,Product Manager,0,B.Sc,663000,55250,1,2015-11-23,2018,Hybrid,Married,5,No
EMP1402,Reyansh Kapoor,Female,37,West Bengal,IT,Product Manager,10,B.Tech,1456000,121333,3,2011-07-23,2018,Onsite,Married,4,Yes
EMP1403,Ishaan Iyer,Male,28,Punjab,Support,QA Engineer,3,MBA,854000,71167,4,2018-07-21,2019,Remote,Single,5,Yes
EMP1404,Myra Mehta,Female,35,Telangana,HR,Product Manager,6,BCA,1137000,94750,3,2017-01-20,2015,Remote,Single,2,No
EMP1405,Meera Reddy,Female,45,Maharashtra,Finance,Software Engineer,7,BCA,1174000,97833,5,2015-05-09,2018,Remote,Single,4,Yes
EMP1406,Reyansh Verma,Male,20,Uttar Pradesh,HR,Product Manager,0,B.Sc,563000,46917,4,2020-04-03,2016,Remote,Married,1,Yes
EMP1407,Tara Iyer,Female,40,Gujarat,IT,Project Manager,10,M.Tech,1088000,90667,3,2020-06-14,2020,Hybrid,Married,3,Yes
EMP1408,Reyansh Kapoor,Male,59,Maharashtra,Support,HR Executive,32,BCA,1865000,155417,2,2016-08-07,2020,Onsite,Single,3,Yes
EMP1409,Anaya Kumar,Female,58,Uttar Pradesh,Finance,Software Engineer,29,B.Tech,1897000,158083,2,2011-04-05,2015,Remote,Married,5,No
EMP1410,Tara Mehta,Female,25,Maharashtra,IT,DevOps Engineer,3,B.Sc,764000,63667,2,2022-10-07,2021,Onsite,Single,4,No
EMP1411,Krishna Patel,Female,26,Delhi,Operations,Software Engineer,1,B.Sc,520000,43333,3,2018-07-19,2019,Hybrid,Married,1,No
EMP1412,Vivaan Mehta,Female,30,Delhi,Finance,Product Manager,1,MCA,772000,64333,3,2011-07-13,2019,Onsite,Single,4,No
EMP1413,Reyansh Joshi,Male,25,Gujarat,Finance,QA Engineer,0,BCA,782000,65167,2,2020-11-07,2016,Hybrid,Married,2,No
EMP1414,Aarav Patel,Female,24,Uttar Pradesh,HR,Product Manager,1,M.Tech,675000,56250,1,2021-11-01,2015,Onsite,Single,4,Yes
EMP1415,Aadhya Kumar,Male,18,Punjab,HR,System Administrator,0,BCA,688000,57333,5,2014-04-04,2020,Onsite,Single,5,No
EMP1416,Ira Gupta,Female,31,Delhi,Product,QA Engineer,0,B.Sc,250000,20833,5,2017-08-03,2023,Hybrid,Single,2,No
EMP1417,Ira Gupta,Male,35,Tamil Nadu,Finance,Project Manager,13,B.Tech,1502000,125167,3,2012-12-28,2015,Onsite,Single,1,No
EMP1418,Anaya Mehta,Male,30,Gujarat,Finance,HR Executive,1,M.Tech,465000,38750,4,2018-05-06,2015,Remote,Married,1,Yes
EMP1419,Aarav Reddy,Male,30,West Bengal,Operations,HR Executive,2,BCA,748000,62333,2,2020-12-10,2016,Hybrid,Single,3,No
EMP1420,Krishna Kapoor,Female,52,Karnataka,Support,QA Engineer,8,MBA,616000,51333,5,2020-06-03,2022,Hybrid,Single,5,No
EMP1421,Ayaan Reddy,Female,36,Karnataka,Finance,Data Analyst,1,M.Tech,380000,31667,2,2016-06-10,2019,Hybrid,Single,2,No
EMP1422,Diya Kumar,Female,26,Delhi,HR,Product Manager,4,B.Tech,738000,61500,4,2010-08-14,2018,Onsite,Single,4,Yes
EMP1423,Arjun Sharma,Female,34,West Bengal,Support,DevOps Engineer,7,M.Tech,1065000,88750,5,2021-11-03,2018,Remote,Single,2,Yes
EMP1424,Ishaan Verma,Female,42,Maharashtra,Support,DevOps Engineer,9,B.Sc,977000,81417,5,2020-09-22,2016,Remote,Single,1,No
EMP1425,Anaya Mehta,Female,35,Punjab,Support,HR Executive,7,MBA,945000,78750,2,2016-05-16,2015,Hybrid,Single,3,No
EMP1426,Vivaan Reddy,Male,32,Karnataka,Finance,QA Engineer,5,B.Tech,424000,35333,1,2019-08-24,2018,Onsite,Married,5,No
EMP1427,Aarav Kapoor,Male,22,Telangana,IT,UI/UX Designer,0,B.Sc,635000,52917,2,2012-09-05,2023,Remote,Married,1,No
EMP1428,Krishna Sharma,Male,56,Maharashtra,Finance,UI/UX Designer,26,B.Sc,1707000,142250,2,2015-05-02,2023,Remote,Single,2,No
EMP1429,Saanvi Patel,Male,47,Kerala,Support,System Administrator,25,M.Tech,1870000,155833,4,2014-02-10,2021,Remote,Single,5,No
EMP1430,Ira Sharma,Male,38,Karnataka,Product,Product Manager,9,M.Tech,681000,56750,4,2015-04-01,2015,Onsite,Married,1,Yes
EMP1431,Avni Joshi,Female,21,West Bengal,Product,DevOps Engineer,0,MCA,972000,81000,1,2020-02-05,2020,Remote,Single,1,No
EMP1432,Aditya Joshi,Female,30,Uttar Pradesh,Operations,System Administrator,0,M.Tech,832000,69333,2,2011-11-10,2020,Remote,Married,2,Yes
EMP1433,Meera Patel,Female,20,Uttar Pradesh,Finance,QA Engineer,0,MBA,534000,44500,5,2014-11-20,2018,Onsite,Married,1,No
EMP1434,Sai Reddy,Female,30,West Bengal,IT,Product Manager,2,MBA,909000,75750,5,2022-03-17,2020,Hybrid,Single,3,No
EMP1435,Myra Patel,Female,34,Punjab,Product,UI/UX Designer,6,MCA,521000,43417,1,2015-02-08,2023,Remote,Married,2,Yes
EMP1436,Avni Kumar,Female,22,Maharashtra,Finance,Product Manager,0,M.Tech,662000,55167,2,2020-09-03,2016,Hybrid,Married,2,No
EMP1437,Ayaan Gupta,Male,20,Tamil Nadu,Finance,UI/UX Designer,0,B.Sc,627000,52250,3,2015-01-04,2015,Remote,Single,1,No
EMP1438,Tara Gupta,Male,57,Delhi,Finance,System Administrator,10,B.Sc,1382000,115167,3,2017-06-15,2019,Hybrid,Single,5,No
EMP1439,Kiara Sharma,Female,37,West Bengal,Operations,Product Manager,15,MCA,1427000,118917,3,2011-10-22,2023,Onsite,Married,5,Yes
EMP1440,Ayaan Reddy,Male,24,Tamil Nadu,Product,Data Analyst,1,B.Sc,830000,69167,3,2013-11-21,2015,Hybrid,Married,3,No
EMP1441,Myra Mehta,Male,56,Delhi,HR,Product Manager,11,BCA,875000,72917,1,2015-08-25,2020,Hybrid,Single,1,No
EMP1442,Ira Joshi,Male,35,Karnataka,IT,System Administrator,5,MCA,1043000,86917,1,2016-09-08,2020,Onsite,Married,5,Yes
EMP1443,Aadhya Mehta,Male,19,Maharashtra,Finance,UI/UX Designer,0,B.Tech,627000,52250,2,2020-11-17,2019,Hybrid,Single,1,No
EMP1444,Krishna Mehta,Male,44,West Bengal,HR,System Administrator,22,MBA,1846000,153833,1,2014-09-13,2017,Onsite,Married,4,No
EMP1445,Kiara Joshi,Female,42,West Bengal,Operations,System Administrator,7,B.Sc,804000,67000,4,2018-12-11,2016,Remote,Married,5,No
EMP1446,Aditya Reddy,Male,33,Maharashtra,Support,UI/UX Designer,10,B.Tech,1066000,88833,1,2010-09-27,2022,Onsite,Single,1,No
EMP1447,Saanvi Kapoor,Female,29,Kerala,Finance,Software Engineer,1,M.Tech,627000,52250,1,2011-11-10,2017,Hybrid,Single,4,Yes
EMP1448,Aadhya Kapoor,Female,22,Maharashtra,Operations,Software Engineer,0,MCA,798000,66500,1,2021-02-28,2017,Onsite,Married,3,No
EMP1449,Avni Kumar,Male,19,Gujarat,IT,Project Manager,0,BCA,449000,37417,2,2017-12-21,2021,Remote,Married,4,No
EMP1450,Aditya Verma,Female,35,Telangana,Operations,Product Manager,9,MCA,1127000,93917,5,2017-12-04,2023,Hybrid,Married,5,No
EMP1451,Meera Verma,Female,20,Gujarat,HR,Software Engineer,0,M.Tech,808000,67333,1,2017-06-07,2021,Remote,Married,3,No
EMP1452,Tara Verma,Female,35,Punjab,Finance,DevOps Engineer,12,BCA,1219000,101583,5,2022-05-01,2018,Hybrid,Single,4,No
EMP1453,Tara Verma,Female,23,Uttar Pradesh,HR,HR Executive,1,M.Tech,250000,20833,5,2021-07-19,2023,Hybrid,Single,3,No
EMP1454,Kiara Gupta,Male,23,West Bengal,Product,DevOps Engineer,0,B.Sc,619000,51583,3,2017-02-12,2018,Remote,Single,1,No
EMP1455,Sai Kapoor,Male,24,Kerala,Finance,Data Analyst,1,MBA,250000,20833,1,2018-02-22,2015,Onsite,Married,3,No
EMP1456,Reyansh Kapoor,Male,40,Uttar Pradesh,Support,HR Executive,7,B.Tech,555000,46250,2,2018-03-05,2021,Hybrid,Single,3,No
EMP1457,Reyansh Joshi,Female,28,West Bengal,Support,Project Manager,0,B.Sc,679000,56583,4,2017-09-10,2018,Onsite,Married,2,No
EMP1458,Aditya Kumar,Male,40,Gujarat,Support,UI/UX Designer,9,M.Tech,1149000,95750,4,2018-02-24,2021,Remote,Married,3,No
EMP1459,Ira Kumar,Male,29,West Bengal,Finance,UI/UX Designer,6,BCA,979000,81583,2,2010-04-24,2019,Onsite,Single,3,No
EMP1460,Arjun Kapoor,Female,26,Delhi,HR,Data Analyst,4,M.Tech,715000,59583,2,2019-02-17,2019,Onsite,Single,1,No
EMP1461,Saanvi Gupta,Female,19,Maharashtra,IT,UI/UX Designer,0,B.Sc,668000,55667,1,2014-08-06,2023,Onsite,Single,1,Yes
EMP1462,Ira Reddy,Female,21,Maharashtra,IT,Data Analyst,0,B.Sc,401000,33417,1,2021-04-18,2017,Hybrid,Single,2,No
EMP1463,Saanvi Verma,Male,56,Maharashtra,IT,System Administrator,14,BCA,1149000,95750,5,2021-01-25,2017,Hybrid,Married,2,No
EMP1464,Ira Iyer,Male,20,West Bengal,Operations,UI/UX Designer,0,MBA,773000,64417,3,2013-07-25,2018,Remote,Married,1,No
EMP1465,Vihaan Iyer,Male,28,West Bengal,IT,Project Manager,5,B.Sc,1069000,89083,3,2012-10-17,2020,Hybrid,Married,4,No
EMP1466,Krishna Verma,Female,45,West Bengal,Operations,QA Engineer,16,MBA,1539000,128250,5,2019-09-17,2021,Hybrid,Married,4,Yes
EMP1467,Aarav Mehta,Female,36,Telangana,Finance,Software Engineer,5,MBA,1217000,101417,3,2010-11-26,2020,Hybrid,Single,1,Yes
EMP1468,Vihaan Patel,Female,32,West Bengal,IT,Project Manager,5,B.Tech,970000,80833,3,2016-10-04,2021,Onsite,Married,1,No
EMP1469,Tara Patel,Female,31,Telangana,Operations,QA Engineer,3,B.Tech,564000,47000,4,2021-03-10,2022,Hybrid,Married,1,No
EMP1470,Kiara Joshi,Male,22,Maharashtra,Operations,Software Engineer,0,MCA,478000,39833,5,2022-10-26,2018,Onsite,Married,2,No
EMP1471,Krishna Kapoor,Male,37,Tamil Nadu,Support,Project Manager,4,MBA,670000,55833,5,2018-07-28,2017,Onsite,Married,5,No
EMP1472,Saanvi Sharma,Female,44,Uttar Pradesh,IT,UI/UX Designer,16,B.Sc,1502000,125167,4,2016-03-06,2021,Onsite,Single,5,No
EMP1473,Krishna Patel,Male,18,Karnataka,Operations,System Administrator,0,M.Tech,939000,78250,2,2010-12-19,2021,Onsite,Married,5,No
EMP1474,Meera Gupta,Male,55,Telangana,IT,Product Manager,2,MCA,841000,70083,5,2010-12-08,2018,Remote,Single,1,Yes
EMP1475,Saanvi Iyer,Female,22,Gujarat,HR,Software Engineer,0,M.Tech,374000,31167,4,2013-10-12,2015,Remote,Single,3,No
EMP1476,Vivaan Sharma,Female,35,Karnataka,IT,Data Analyst,7,MCA,1116000,93000,3,2011-07-16,2019,Hybrid,Single,3,No
EMP1477,Aarav Verma,Female,18,Tamil Nadu,Support,Project Manager,0,B.Sc,699000,58250,1,2019-09-10,2020,Onsite,Married,1,Yes
EMP1478,Ayaan Sharma,Female,37,Telangana,Product,Data Analyst,2,B.Tech,608000,50667,4,2010-11-13,2018,Remote,Married,2,No
EMP1479,Sai Kumar,Male,34,Karnataka,Finance,QA Engineer,6,B.Sc,901000,75083,1,2013-08-14,2015,Remote,Married,4,No
EMP1480,Krishna Joshi,Female,51,Punjab,Finance,Software Engineer,19,B.Tech,1912000,159333,5,2021-09-13,2022,Remote,Single,3,No
EMP1481,Ayaan Patel,Male,54,West Bengal,IT,Data Analyst,4,M.Tech,908000,75667,5,2014-07-08,2017,Remote,Married,5,No
EMP1482,Saanvi Joshi,Female,44,Uttar Pradesh,Support,HR Executive,6,MBA,961000,80083,3,2013-12-17,2019,Hybrid,Single,5,No
EMP1483,Krishna Verma,Female,21,Karnataka,Product,Data Analyst,0,MBA,628000,52333,1,2013-01-24,2016,Remote,Single,5,No
EMP1484,Myra Joshi,Male,24,Karnataka,Product,Product Manager,0,MCA,991000,82583,2,2015-01-23,2020,Onsite,Single,4,No
EMP1485,Krishna Mehta,Male,21,Gujarat,Product,System Administrator,0,MCA,764000,63667,5,2010-09-06,2023,Hybrid,Married,5,No
EMP1486,Ishaan Sharma,Female,25,Telangana,Product,QA Engineer,0,B.Tech,763000,63583,4,2016-08-03,2017,Hybrid,Married,3,No
EMP1487,Ishaan Joshi,Female,29,Tamil Nadu,Finance,HR Executive,1,B.Sc,483000,40250,5,2020-01-09,2017,Onsite,Married,4,Yes
EMP1488,Reyansh Reddy,Female,20,Tamil Nadu,Support,Product Manager,0,B.Sc,819000,68250,4,2012-09-21,2021,Remote,Married,2,Yes
EMP1489,Aarav Gupta,Female,22,Uttar Pradesh,Product,DevOps Engineer,0,M.Tech,573000,47750,3,2017-06-16,2021,Hybrid,Single,3,No
EMP1490,Saanvi Kumar,Female,20,Telangana,Product,QA Engineer,0,M.Tech,754000,62833,2,2020-03-28,2022,Remote,Married,4,Yes
EMP1491,Diya Joshi,Female,24,Delhi,IT,Data Analyst,1,B.Sc,415000,34583,4,2015-01-10,2020,Onsite,Single,2,No
EMP1492,Reyansh Sharma,Male,33,Karnataka,Support,Product Manager,7,MBA,1021000,85083,5,2018-07-22,2020,Onsite,Single,5,No
EMP1493,Diya Gupta,Male,25,Gujarat,Support,Data Analyst,2,MBA,621000,51750,4,2015-05-01,2017,Onsite,Married,1,No
EMP1494,Diya Mehta,Female,38,Maharashtra,Product,HR Executive,2,B.Tech,1016000,84667,1,2019-12-05,2019,Hybrid,Married,4,No
EMP1495,Vivaan Sharma,Male,18,Gujarat,Product,QA Engineer,0,MBA,568000,47333,3,2020-02-17,2016,Hybrid,Single,2,No
EMP1496,Meera Reddy,Female,52,Uttar Pradesh,Support,UI/UX Designer,10,MCA,916000,76333,4,2010-03-05,2020,Remote,Married,1,No
EMP1497,Saanvi Verma,Male,22,Gujarat,Product,QA Engineer,0,B.Sc,473000,39417,3,2018-10-09,2021,Hybrid,Married,3,No
EMP1498,Saanvi Kapoor,Male,26,Kerala,Operations,QA Engineer,4,B.Tech,880000,73333,3,2015-12-12,2016,Remote,Married,1,Yes
EMP1499,Tara Kumar,Female,18,Uttar Pradesh,HR,Data Analyst,0,MBA,1058000,88167,4,2019-01-24,2017,Hybrid,Single,3,Yes
EMP1500,Tara Kumar,Male,24,Tamil Nadu,Operations,Software Engineer,1,MCA,1023000,85250,3,2015-09-12,2019,Hybrid,Married,1,Yes
